2;            Condiments;            Sweet and savory sauces, relishes, spreads, and seasonings
3;            Confections;            Desserts, candies, and sweet breads
4;            Dairy Products;            Cheeses
5;          probando modificado;          probando actualizar
6;            Meat/Poultry;            Prepared meats
7;            Produce;            Dried fruit and bean curd
8;            Seafood;            Seaweed and fish
9;            probando;            Esto es una prueba
1;      asdff;      assddd
1;     assdfg;     asdfgg
20;    probando nombre;    probando descripcion
20;   probando nombre;   probando descripcion
11;  fgghhjjj;  hgfddss
21; tttyyuuuy; pooiiuyttrrr
